"card_id","user_id","card_number","credit_limit","balance","available_credit"
1,3,"5.90793911917875e15","50000.00","0.00","50000.00"
2,3,"5.47326410699008e15","15000.00","0.00","15000.00"
3,3,"9.64250348475064e15","5000.00","0.00","5000.00"
4,2,"1792725410119374.5","50000.00","0.00","50000.00"
5,2,"36116903681416.91","15000.00","0.00","15000.00"
6,4,"4.80240859538541e15","15000.00","0.00","15000.00"
7,4,"3.90369257321925e15","5000.00","0.00","5000.00"
8,1,"5.11123738727648e15","1000.00","0.00","1000.00"
